genus,pres,deg,log2FC,p,q
Dechloromonas,0.07838604417776733,0.9046227609101062,3.5269677147768115,0.0011655011655011655,0.2108943687891056
Ferribacterium,0.05267170051880406,0.6622391086243918,3.649733667548803,0.0011655011655011655,0.2108943687891056
Oryzomicrobium,0.01190003510017293,0.04705693997504234,1.974431478802061,0.0019295145299833814,0.2108943687891056
Quatrionicoccus,0.014414388943929896,0.2200272778211948,3.9227821919106978,0.0020687786216687463,0.2108943687891056
Methylomicrobium,0.008928616400383548,0.07034255687552278,2.963870453602294,0.002961854932146673,0.2108943687891056
Methylobacter,0.041057299401416975,0.41602675588809895,3.337802827144788,0.0031589071394113825,0.2108943687891056
Methylovulum,0.0051857533431709174,0.08435679923318527,3.998032563448221,0.0040408802597927135,0.2108943687891056
Dactylosporangium,0.17577212824075392,0.11578512465408625,-0.601831476583279,0.004079254079254079,0.2108943687891056
Ideonella,0.11187178173581759,0.2737133406677629,1.2900575377298944,0.004079254079254079,0.2108943687891056
Sinorhizobium,0.40852949485386214,0.30266967865631256,-0.43257260987279933,0.004079254079254079,0.2108943687891056
Methylotuvimicrobium,0.006900039057490918,0.08735676153251709,3.6431350504721562,0.004476596104154785,0.2108943687891056
Thermomonospora,0.19858647666900373,0.0679566767647622,-1.5456850700592522,0.006993006993006993,0.2108943687891056
Aquincola,0.1676432921257314,0.3555423733722084,1.0841721500239971,0.006993006993006993,0.2108943687891056
Roseibium,0.08937166613361758,0.06449964266296682,-0.4699046977914959,0.006993006993006993,0.2108943687891056
Ensifer,0.09897174196318351,0.0719853201639316,-0.45876812771103753,0.006993006993006993,0.2108943687891056
Ancylobacter,0.30400077037613626,0.20822737863337523,-0.5456970185945949,0.006993006993006993,0.2108943687891056
Rhodomicrobium,0.09281455084759048,0.049799677047760664,-0.8968740685780155,0.006993006993006993,0.2108943687891056
Rhizobacter,0.26385737484808036,1.1079731364419179,2.0696762271864673,0.006993006993006993,0.2108943687891056
Thauera,0.22108613908492636,0.3705697555293215,0.7448734244768384,0.006993006993006993,0.2108943687891056
Clostridium,0.016557228229356236,0.05744256667606651,1.7884812181323966,0.009764472414768617,0.23497798497798497
Brevundimonas,0.22288633372845565,0.1824419725729046,-0.28872706718812347,0.011072261072261072,0.23497798497798497
Bradyrhizobium,24.459460116282703,14.270436042409065,-0.7773589308849456,0.011072261072261072,0.23497798497798497
Aeromonas,0.15085757229529798,0.2641985711359208,0.8080254986629971,0.011072261072261072,0.23497798497798497
Azoarcus,0.1753717319109279,0.2669702038926297,0.605980393986342,0.011072261072261072,0.23497798497798497
Afipia,0.2840435200892396,0.16937048531534651,-0.7455857770317508,0.011072261072261072,0.23497798497798497
Azospira,0.12350021592179075,0.2631277159797741,1.0906301389104804,0.011072261072261072,0.23497798497798497
Aquabacterium,0.20444337924388112,0.4033705902174196,0.9800566762418255,0.011072261072261072,0.23497798497798497
Cystobacter,0.008071508886578808,0.04195698673114964,2.3636710837874784,0.013031265487923712,0.2568585260892953
Chitinophaga,0.025900144586946425,0.05989974827706328,1.2064368019401914,0.015082034674868442,0.2568585260892953
Pedococcus,0.013685779157644276,0.06299968826211075,2.1944520684816,0.016836643140823084,0.2568585260892953
Methylibium,0.15895736995552384,0.3487567025138734,1.1330873311252279,0.01748251748251748,0.2568585260892953
Phycicoccus,0.03790010510272479,0.2812552594827503,2.888317618546718,0.01748251748251748,0.2568585260892953
Sulfuritalea,0.04605722208925612,0.10637101690669566,1.2058324544709151,0.01748251748251748,0.2568585260892953
Methylocella,0.10627175596296687,0.062285314348641756,-0.7698367741495847,0.01748251748251748,0.2568585260892953
Cereibacter,0.04134291120319574,0.12911323328784172,1.6405565748492321,0.01748251748251748,0.2568585260892953
Leucobacter,0.04964301870356708,0.06998539774870258,0.4946198293177048,0.01748251748251748,0.2568585260892953
Rhodopseudomonas,0.8801449445850337,0.5539680848510568,-0.6678417683924088,0.01748251748251748,0.2568585260892953
Roseateles,0.5905442869284553,1.1505974634833838,0.962147136098241,0.01748251748251748,0.2568585260892953
Sulfuricystis,0.06045730176079857,0.09155671454961557,0.5979396481017032,0.01748251748251748,0.2568585260892953
Methylocapsa,0.05975725484619095,0.023271211260134473,-1.3567936093089137,0.021307710671628205,0.29778824914251123
Propionivibrio,0.019728679129548538,0.043599789960869946,1.140037768682989,0.021307710671628205,0.29778824914251123
Janibacter,0.0794288454047511,0.14335637682683172,0.8510619680195973,0.026223776223776224,0.30052447552447553
Ramlibacter,0.3538577944540799,0.593140862322081,0.7450406286238415,0.026223776223776224,0.30052447552447553
Tardiphaga,0.27840062810492133,0.1692560736160263,-0.7176208541668815,0.026223776223776224,0.30052447552447553
Piscinibacter,0.4255002986606303,0.7987277134222908,0.9083852212778208,0.026223776223776224,0.30052447552447553
Microbacterium,0.5312874885167392,0.7348967061755519,0.4679735245808813,0.026223776223776224,0.30052447552447553
Sphaerotilus,0.3592730185819138,0.9972832855986667,1.472665929550076,0.026223776223776224,0.30052447552447553
Delftia,0.2832580901337402,0.5610834771935012,0.9858461393139752,0.026223776223776224,0.30052447552447553
Mesorhizobium,1.4194751448982674,1.0452225388438459,-0.4415110589634665,0.026223776223776224,0.30052447552447553
Anaeromyxobacter,0.9269713104196439,2.7990034205076304,1.5942125717162021,0.026223776223776224,0.30052447552447553
Ruegeria,0.031442926373474546,0.05881396470616042,0.9012931332707695,0.03787878787878788,0.33391608391608396
Serpentinimonas,0.06044309799021995,0.10142825060815057,0.7458468135887,0.03787878787878788,0.33391608391608396
Leptothrix,0.20521506001609713,0.5179713339605857,1.3353113041620417,0.03787878787878788,0.33391608391608396
Actinocatenispora,0.060471614946520424,0.03355699310305753,-0.8477355838511749,0.03787878787878788,0.33391608391608396
Arthrobacter,0.27470075448855225,0.41155491619203577,0.5830494903854166,0.03787878787878788,0.33391608391608396
Parazoarcus,0.025700075373338318,0.04655696226046792,0.8547170990521061,0.03787878787878788,0.33391608391608396
Bosea,0.4894728334880268,0.37719789827605715,-0.3758194410724087,0.03787878787878788,0.33391608391608396
Rubrivivax,0.26945740786380906,0.5337136434260282,0.9857436212824153,0.03787878787878788,0.33391608391608396
Nocardioides,1.034788835735941,1.7132788264372014,0.727368358580752,0.03787878787878788,0.33391608391608396
Saccharothrix,0.08920026694837145,0.052642563534476786,-0.7596967934394772,0.03787878787878788,0.33391608391608396
Hyphomicrobium,0.3607436854214642,0.2535990166774463,-0.5082560809537217,0.03787878787878788,0.33391608391608396
Aromatoleum,0.08594314641968856,0.13648505208203054,0.6666674159866848,0.03787878787878788,0.33391608391608396
Ornithinimicrobium,0.09580029773422676,0.120670863924719,0.332665245828283,0.03787878787878788,0.33391608391608396
Xanthobacter,0.14364327028036028,0.11044223569552497,-0.3788967178810676,0.03787878787878788,0.33391608391608396
Noviherbaspirillum,0.025900061601850207,0.0421569639032007,0.7006740741831563,0.03787878787878788,0.33391608391608396
Pseudoalteromonas,0.0057571876289423465,0.03454271034494567,2.5642717912036557,0.03926605630341165,0.34090076154325566
Ferrovibrio,0.025285750301996302,0.012271343744393613,-1.0370166902858857,0.040028848463440375,0.3423362711873334
Rhodobacter,0.03691449068759027,0.146955979604129,1.9902033657965597,0.04069193939734579,0.3428894305099873
Desulfobulbus,0.010614360315065666,0.028942787531147676,1.4386342114422574,0.045215220969349046,0.3742832430676026
Horticoccus,0.027728603502216412,0.009671409286359138,-1.509929957296606,0.0499729998820132,0.3742832430676026
Melittangium,0.007342926829278922,0.021685612758991852,1.549433734047003,0.0499729998820132,0.3742832430676026
Gemmobacter,0.010828670772415495,0.10212778305631431,3.225597494117786,0.0499729998820132,0.3742832430676026
Lautropia,0.010914338600391033,0.025442749416298455,1.2135309594978199,0.05261770624206971,0.3742832430676026
Altererythrobacter,0.06542883814701042,0.09009945893797426,0.46098882710712213,0.05303030303030303,0.3742832430676026
Streptosporangium,0.12225754747924913,0.06839958640639786,-0.8369359127186333,0.05303030303030303,0.3742832430676026
Celeribacter,0.030514360602550146,0.05392826483387132,0.8195057973240099,0.05303030303030303,0.3742832430676026
Methylomonas,0.14351473540672025,0.8721102661512209,2.602472188791345,0.05303030303030303,0.3742832430676026
Vulgatibacter,0.020428605730154415,0.0436426711312403,1.0914056755050507,0.05303030303030303,0.3742832430676026
Conexibacter,0.4116440766238559,0.23035599966177078,-0.8372565682993703,0.05303030303030303,0.3742832430676026
Blastochloris,0.16034326428114,0.1172850087531142,-0.45081505022290735,0.05303030303030303,0.3742832430676026
Thermoleophilum,0.028700078173239545,0.014757081472781288,-0.954921987151855,0.054215548297750465,0.3742832430676026
Sterolibacterium,0.017757267458321326,0.03802840558848765,1.094354868972992,0.054215548297750465,0.3742832430676026
Tepidiforma,0.015028634129012045,0.031328418716592116,1.054787945077684,0.054215548297750465,0.3742832430676026
Propionibacterium,0.01662867700096658,0.03635691313239943,1.1238690578056152,0.05501732765775898,0.3752967708082845
Arsenicicoccus,0.006400052057591777,0.025099908516596863,1.9548953187583977,0.05609875024113481,0.37817157515494404
Telluria,0.018014426558459973,0.03485698208885614,0.9484415035977065,0.06100713899882181,0.4052379659175776
Thiothrix,0.007128639829271208,0.03202840963077081,2.1520534542230343,0.06261737421478714,0.4052379659175776
Jeongeupia,0.021328719087077043,0.04529977107455204,1.0831394080978287,0.07237218762491178,0.4052379659175776
Castellaniella,0.019328703086941044,0.0381284199742542,0.9764559723710454,0.07237218762491178,0.4052379659175776
Pyxidicoccus,0.014528534700868236,0.03641417355904703,1.3196713117929777,0.07237218762491178,0.4052379659175776
Limnohabitans,0.2677434942941662,0.3750549840480647,0.48609647044382764,0.07284382284382285,0.4052379659175776
Nitratireductor,0.09384313089078951,0.07408529566402881,-0.3406544185669267,0.07284382284382285,0.4052379659175776
Actinomadura,0.389187190496147,0.19605591514744325,-0.9888340325290509,0.07284382284382285,0.4052379659175776
Hydrogenophaga,0.8089884425863034,1.3284677360771926,0.7155024650845686,0.07284382284382285,0.4052379659175776
Streptacidiphilus,0.06887165546158416,0.03562838497493305,-0.948932893381137,0.07284382284382285,0.4052379659175776
Pseudolabrys,0.8266447940770071,0.5127109103199085,-0.6890150995760345,0.07284382284382285,0.4052379659175776
Paracidovorax,0.2713725253913223,0.45334163273621747,0.7401106619475574,0.07284382284382285,0.4052379659175776
Nonomuraea,0.24838665418695619,0.13964200391404813,-0.8304026351505576,0.07284382284382285,0.4052379659175776
Corallococcus,0.056442999247455876,0.09138536814908993,0.6941926112106036,0.07284382284382285,0.4052379659175776
Nocardiopsis,0.14207196646592,0.07748530922161813,-0.8737816126474875,0.07284382284382285,0.4052379659175776
Brachybacterium,0.0901431012339992,0.10649949192350146,0.24031200952015425,0.07284382284382285,0.4052379659175776
Denitratisoma,0.061514375804021706,0.08269965563469778,0.426357769194927,0.07284382284382285,0.4052379659175776
Pseudoduganella,0.16797177782441422,0.2239134744033431,0.4145080216396142,0.07284382284382285,0.4052379659175776
Beutenbergia,0.01581438648668181,0.005571421200746396,-1.4885493305492126,0.07609292276348997,0.41524994993790243
Candidatus Viadribacter,0.016414388786666026,0.004828541143732847,-1.7444910002815193,0.07609292276348997,0.41524994993790243
Chloracidobacterium,0.013514288843867328,0.0057571034294007055,-1.216862347672923,0.0838259361285673,0.4224544394998941
Neotabrizicola,0.009200045657496233,0.11497030257464798,3.6291339405402727,0.0838259361285673,0.4224544394998941
Nitrosomonas,0.009800057029033034,0.034585479360413465,1.808823082122261,0.0893501473953888,0.4224544394998941
Vitreoscilla,0.025114377172337665,0.06454244722099173,1.3582352270816669,0.09633096388933941,0.4224544394998941
Nitrosotalea,0.23374322887265986,0.12554214956381085,-0.896221124078424,0.09633096388933941,0.4224544394998941
Alicycliphilus,0.13998613268115648,0.21229907837848444,0.6004633576813527,0.09731934731934733,0.4224544394998941
Janthinobacterium,0.1189431210928611,0.14799940166917422,0.3150815551813411,0.09731934731934733,0.4224544394998941
Amycolatopsis,0.6583023631414301,0.44841204208207797,-0.5538227933712787,0.09731934731934733,0.4224544394998941
Rhodoplanes,0.7293875036206133,0.49695421487488467,-0.5534800459588974,0.09731934731934733,0.4224544394998941
Caldimonas,0.28317178120792696,0.5236705373692278,0.886748017515978,0.09731934731934733,0.4224544394998941
Eleftheria,0.05330016900392664,0.08687120682210638,0.7036935454113572,0.09731934731934733,0.4224544394998941
Hypericibacter,0.11934303342147022,0.08552813682164362,-0.4801658709000022,0.09731934731934733,0.4224544394998941
Microvirga,0.2751577733744546,0.21548443694799313,-0.35253027295298545,0.09731934731934733,0.4224544394998941
Chromobacterium,0.1032002496350308,0.1295422916097364,0.32769268703746207,0.09731934731934733,0.4224544394998941
Phreatobacter,0.19165766051173486,0.14994194368571281,-0.3539183556783734,0.09731934731934733,0.4224544394998941
Capillimicrobium,0.13480043380798348,0.08554245776427137,-0.6554968838184697,0.09731934731934733,0.4224544394998941
Labrenzia,0.04455723646012058,0.027114113374402282,-0.7145389407390664,0.09731934731934733,0.4224544394998941
Methyloligella,0.08840025983390642,0.0533997552173219,-0.7261494002831846,0.09731934731934733,0.4224544394998941
Aquabacter,0.0420001013458228,0.03358553528850468,-0.32169448121841426,0.09731934731934733,0.4224544394998941
Luteibacter,0.07547156509042856,0.05915687673332591,-0.3508609135570942,0.09731934731934733,0.4224544394998941
Comamonas,0.5187732854514815,0.7727260273833535,0.5747614227117243,0.09731934731934733,0.4224544394998941
Flavobacterium,0.06377168393339024,0.3029255403301223,2.2461910037327826,0.09731934731934733,0.4224544394998941
Rhizobium,1.059059812396443,0.8762096423959113,-0.27340764959476244,0.09731934731934733,0.4224544394998941
Xylophilus,0.06065742337578901,0.10107112222211614,0.7356649592692963,0.09731934731934733,0.4224544394998941
Thermobifida,0.07084316774696105,0.03422834367517337,-1.047263501095643,0.09731934731934733,0.4224544394998941
Methyloceanibacter,0.11804313883658313,0.0665568289906487,-0.8257112551488371,0.09731934731934733,0.4224544394998941
Inhella,0.03740014433125711,0.059457035919313804,0.6673758062517551,0.09731934731934733,0.4224544394998941
Ciceribacter,0.016214278215280296,0.004642847714917568,-1.782309708687122,0.10155269372564539,0.4375164925172542
Intrasporangium,0.027328661330723023,0.048256901632965074,0.8180375974249617,0.10983183147447209,0.45884920567263715
Chenggangzhangella,0.04158584184596131,0.03211408317448103,-0.3718659351200491,0.10983183147447209,0.45884920567263715
Acidiphilium,0.04074296198856396,0.025328454445094652,-0.6836437193406814,0.10983183147447209,0.45884920567263715
Stappia,0.06014305390413706,0.04415685813329485,-0.4448938709803992,0.10983183147447209,0.45884920567263715
Nitrosopumilus,0.041542945489178064,0.01107136514362785,-1.8982666226739853,0.11050818565937859,0.45884920567263715
Pulveribacter,0.025371606430276306,0.05138553460508816,1.0152771994572634,0.11684472563182587,0.47090729783037477
Tetrasphaera,0.012685768471823818,0.03385697177462794,1.4091689330446342,0.11684472563182587,0.47090729783037477
Acidibrevibacterium,0.025414436887146043,0.011814202044212714,-1.0986314712637917,0.1210368619466258,0.47090729783037477
Hoeflea,0.028428682045093138,0.01814271865941286,-0.6450923533191292,0.12353882667624581,0.47090729783037477
Dickeya,0.01761428954417668,0.03485701023072315,0.9806681953345252,0.12353882667624581,0.47090729783037477
Methylocaldum,0.014114365672147963,0.04394266125940563,1.6315519267914906,0.124785918988563,0.47090729783037477
Hylemonella,0.05078583703354457,0.08121408502093234,0.6762411045751469,0.124785918988563,0.47090729783037477
Massilia,0.3740437167383465,0.45929812188026176,0.2961524115607585,0.12820512820512822,0.47090729783037477
Diaphorobacter,0.31985806012107376,0.48226939964494664,0.5922555789879695,0.12820512820512822,0.47090729783037477
Tepidimonas,0.0414572587746284,0.07549980019036985,0.8632819279744633,0.12820512820512822,0.47090729783037477
Nitrogeniibacter,0.042371526488394685,0.05974262709059756,0.49467754873652914,0.12820512820512822,0.47090729783037477
Variovorax,1.2639460545772623,1.7628091627805893,0.479909110997637,0.12820512820512822,0.47090729783037477
Thiomonas,0.077743066447998,0.09912821483645574,0.3501818561278358,0.12820512820512822,0.47090729783037477
Shinella,0.19217203418328668,0.21381325433316375,0.15387693739063313,0.12820512820512822,0.47090729783037477
Mycobacterium,4.858006067054009,1.4801322134972343,-1.7145704702762514,0.12820512820512822,0.47090729783037477
Ottowia,0.14984335075450675,0.247142058923087,0.7215066370958219,0.12820512820512822,0.47090729783037477
Aminobacter,0.1332573489652411,0.09988515199410536,-0.4155115574768185,0.12820512820512822,0.47090729783037477
Nitrobacter,0.1700003488396943,0.10792784482453488,-0.6549828760490546,0.12820512820512822,0.47090729783037477
Pectobacterium,0.005514335343353434,0.01728560513029117,1.6307061394761244,0.1333750526422694,0.4806534915976124
Sulfuricella,0.004442892314581889,0.019214228686686936,2.0879810516768833,0.1333750526422694,0.4806534915976124
Dermacoccus,0.0065000291001449,0.018785567645243903,1.5167398570723662,0.1333750526422694,0.4806534915976124
Acidobacterium,0.03044291474524849,0.01627131171577141,-0.8996678274926925,0.13732285827442464,0.48873290553568516
Thermus,0.010957227657932923,0.02507130161615528,1.1867901118928073,0.13732285827442464,0.48873290553568516
Xanthomonas,0.23418688215323907,0.3318845137790994,0.5028397659389001,0.1412820549796812,0.49971986113183536
Legionella,0.009057201214731504,0.02691420604432187,1.5607396524317256,0.1434891651793858,0.5044128321950189
Crenobacter,0.011771534001018297,0.028399854831176203,1.2634482032984298,0.15058268784558643,0.5261212203385428
Nitrospirillum,0.02045719408715692,0.01372846401595351,-0.5720024408632182,0.1580242847293607,0.5308890547654593
Salipiger,0.03414305957334393,0.0550568235056356,0.687727763654483,0.1580242847293607,0.5308890547654593
Roseitalea,0.025185737273425813,0.015185596144793263,-0.7261510256719333,0.1580242847293607,0.5308890547654593
Asticcacaulis,0.02905718053079644,0.01719989985904084,-0.7530875324859035,0.1580242847293607,0.5308890547654593
Achromobacter,0.31308660214865697,0.39996993238722905,0.3532297090187662,0.16491841491841494,0.5308890547654593
Novosphingobium,0.5784594677854652,0.8216947816643746,0.5063129137916865,0.16491841491841494,0.5308890547654593
Geobacter,0.17707222292875352,0.2512705315185062,0.5046630949182286,0.16491841491841494,0.5308890547654593
Stutzerimonas,0.08128594531997306,0.10985660075166881,0.4340826329170157,0.16491841491841494,0.5308890547654593
Cohaesibacter,0.07597166444739185,0.0646139775627447,-0.23328181818027569,0.16491841491841494,0.5308890547654593
Pararhizobium,0.059100200246476976,0.04528545257628637,-0.38337211203424376,0.16491841491841494,0.5308890547654593
Archangium,0.07174289221900987,0.10499958164975286,0.5488395909129707,0.16491841491841494,0.5308890547654593
Chelatococcus,0.10321452352152971,0.07928522710783119,-0.3801006118583674,0.16491841491841494,0.5308890547654593
Aureimonas,0.14075745549467686,0.14369949083820013,0.029822640870175336,0.16491841491841494,0.5308890547654593
Pseudorhodoplanes,0.18624332721229214,0.13765631801269385,-0.43584467074594724,0.16491841491841494,0.5308890547654593
Citricoccus,0.006900060143405435,0.016542766758957994,1.2494560700807864,0.17241750350313811,0.5359182574485735
Herbiconiux,0.0060000172286748,0.015028462130446596,1.3103801167129339,0.17241750350313811,0.5359182574485735
Sphaerobacter,0.004071462657443945,0.009185644001086844,1.1544486404185215,0.17241750350313811,0.5359182574485735
Pseudolysobacter,0.012257157186839557,0.004214297857414288,-1.5181491955379545,0.17241750350313811,0.5359182574485735
Fuscovulum,0.014300069900602619,0.1235275066889038,3.1018520536649525,0.17489827948147163,0.5359182574485735
Stigmatella,0.01439999014416497,0.026028474687941346,0.8495709867288601,0.17489827948147163,0.5359182574485735
Sanguibacter,0.01912859864429281,0.03418560347398885,0.8343492911159571,0.17489827948147163,0.5359182574485735
Acidipropionibacterium,0.015714373886448495,0.02612845560267803,0.7298964219597256,0.17489827948147163,0.5359182574485735
Couchioplanes,0.03095722423100901,0.015171345230396297,-1.0241017406219173,0.17489827948147163,0.5359182574485735
Paludisphaera,0.041642998202896866,0.028299832702571442,-0.5556517950644917,0.17923391309740488,0.5433917047873704
Plantactinospora,0.05585734846113834,0.03384272367437567,-0.7212252659594667,0.17923391309740488,0.5433917047873704
Anaerolinea,0.009742900543254118,0.02985703414404656,1.6057393766054409,0.18354211910989293,0.5508845992716961
Crossiella,0.027914462087304352,0.01169996348684168,-1.2473893958878153,0.19128177213187658,0.5508845992716961
Acidisoma,0.01571438772955837,0.009757070801182873,-0.682006807842069,0.19634670550934052,0.5508845992716961
Polymorphobacter,0.01598581307235099,0.0109142211156495,-0.5464213835224256,0.19634670550934052,0.5508845992716961
Methanoregula,0.046214329714725715,0.058971132018287485,0.35099462522013297,0.19634670550934052,0.5508845992716961
Ruania,0.02117156758699597,0.03021411154618462,0.5110631849883026,0.19934954636744062,0.5508845992716961
Trichlorobacter,0.032357284032128765,0.053928349147046965,0.7351743178664282,0.19934954636744062,0.5508845992716961
Botrimarina,0.0199857305015625,0.010128557985855898,-0.9735681625794642,0.2064342422882025,0.5508845992716961
Baekduia,0.2009148912545423,0.15251361758272217,-0.3974186823620673,0.20862470862470864,0.5508845992716961
Pseudodesulfovibrio,0.03635727178827168,0.050442636503530036,0.471294318884558,0.20862470862470864,0.5508845992716961
Saccharopolyspora,0.1528862612224784,0.10168517000895919,-0.5878747213644487,0.20862470862470864,0.5508845992716961
Microcella,0.03635722485994337,0.05569972908996614,0.6140533707533888,0.20862470862470864,0.5508845992716961
Bifidobacterium,0.05682878018904494,0.1547698977928357,1.4438266607920665,0.20862470862470864,0.5508845992716961
Sulfitobacter,0.08522883656301432,0.14324212095730804,0.7483573240965181,0.20862470862470864,0.5508845992716961
Thermomonas,0.045114435917419544,0.05779974719051811,0.3567735837945879,0.20862470862470864,0.5508845992716961
Pseudoxanthomonas,0.09550025346392879,0.12875678273875904,0.4306821311770811,0.20862470862470864,0.5508845992716961
Methylosinus,0.2057433556532021,0.13308495283858723,-0.6281157844163539,0.20862470862470864,0.5508845992716961
Melaminivora,0.08688597146385911,0.12885664048343606,0.5680314087812183,0.20862470862470864,0.5508845992716961
Serinicoccus,0.05104300797421425,0.06069967732007514,0.24952665179304695,0.20862470862470864,0.5508845992716961
Sphingopyxis,0.23384366342831794,0.2715984832409341,0.2158453591729129,0.20862470862470864,0.5508845992716961
Rhodoferax,0.7057173304989622,1.081411523828286,0.615682278414804,0.20862470862470864,0.5508845992716961
Cupriavidus,0.7700161388214992,0.9130821936019672,0.24582669774793783,0.20862470862470864,0.5508845992716961
Acidovorax,0.5216451908116801,1.0278799821019835,0.9783948686313853,0.20862470862470864,0.5508845992716961
Porphyrobacter,0.056800242803520015,0.08494233653712033,0.5797464266586044,0.20862470862470864,0.5508845992716961
Mycolicibacter,0.11464325680610732,0.0757852674502026,-0.5965176426781624,0.20862470862470864,0.5508845992716961
Pseudofrankia,0.05282875221794617,0.0415140766318325,-0.34698001743592805,0.20862470862470864,0.5508845992716961
Bordetella,0.36238654532373044,0.42046965700406613,0.21441732060486968,0.20862470862470864,0.5508845992716961
Ralstonia,0.2578147432731193,0.3108415872254223,0.26974933964333775,0.20862470862470864,0.5508845992716961
Methylovorus,0.007571483086132233,0.030057009486923244,1.9749159529739149,0.21943598564443634,0.5669642154429574
Thioclava,0.009871487886310865,0.02624268341797515,1.4015216181347065,0.21943598564443634,0.5669642154429574
Salinibacterium,0.01482864565771912,0.02519985937378572,0.7610460772831775,0.21966152849622433,0.5669642154429574
Phaeobacter,0.020871536958090055,0.038442679204339504,0.8780242634218544,0.21966152849622433,0.5669642154429574
Pseudazoarcus,0.01632868138664248,0.031499799488492936,0.9436987139700168,0.21966152849622433,0.5669642154429574
Chelativorans,0.027671495516233317,0.02122844431644175,-0.3808261292473764,0.2242892124823661,0.5711898611217591
Filomicrobium,0.02210004757303246,0.01641419644440951,-0.42685599617284653,0.2242892124823661,0.5711898611217591
Tsukamurella,0.04802876978880731,0.037285495690089335,-0.3644208855937804,0.2242892124823661,0.5711898611217591
Niveibacterium,0.020171491001673085,0.0327569848743215,0.6967478919431481,0.24806330212889927,0.5991639408978119
Citrifermentans,0.02408579568808041,0.037342701145722836,0.6305245140592286,0.2496320263282753,0.5991639408978119
Phyllobacterium,0.07072878616121533,0.061542573219482456,-0.20040873085003635,0.25932400932400934,0.5991639408978119
Rhodococcus,0.43335842148249243,0.3788692807903186,-0.1938127044001647,0.25932400932400934,0.5991639408978119
Variibacter,0.12217180569411197,0.08575655975137182,-0.5100915046266116,0.25932400932400934,0.5991639408978119
Tessaracoccus,0.06531448387584217,0.09168512190942578,0.48865020785322655,0.25932400932400934,0.5991639408978119
Caulobacter,0.2789437158320745,0.24654167474969546,-0.17807456592823773,0.25932400932400934,0.5991639408978119
Methylorubrum,0.1792148470687351,0.15412772109862588,-0.21743284617433084,0.25932400932400934,0.5991639408978119
Starkeya,0.07075730953388225,0.0606853975910856,-0.2211918988237607,0.25932400932400934,0.5991639408978119
Cryobacterium,0.04084303228868038,0.03732839470323687,-0.12948478134638772,0.25932400932400934,0.5991639408978119
Dietzia,0.033285838816362566,0.045142631775344645,0.4384465654279536,0.25932400932400934,0.5991639408978119
Chitinimonas,0.039000034416969816,0.05808544647573596,0.5734884694636021,0.25932400932400934,0.5991639408978119
Frankia,0.08910028240547765,0.06685680417759056,-0.41381760742871004,0.25932400932400934,0.5991639408978119
Serratia,0.07638606577634129,0.10248521046461741,0.42355390822426975,0.25932400932400934,0.5991639408978119
Nakamurella,0.06558591254710498,0.052614051161509204,-0.31739642359984865,0.25932400932400934,0.5991639408978119
Tsuneonella,0.04412872743124263,0.06907105362102167,0.6451846989118833,0.25932400932400934,0.5991639408978119
Lichenihabitans,0.043343033773005184,0.033214103788214044,-0.38299177197254064,0.25932400932400934,0.5991639408978119
Hyphomonas,0.05118588643186822,0.0431569535893905,-0.2456297936781909,0.25932400932400934,0.5991639408978119
Jatrophihabitans,0.06628594679047586,0.05251400349070849,-0.3354310390500601,0.25932400932400934,0.5991639408978119
Kitasatospora,0.15444337432254876,0.11975660841076353,-0.3667023478482532,0.25932400932400934,0.5991639408978119
Methylobacterium,0.7628020273912389,0.6544393400002056,-0.22101789111047512,0.25932400932400934,0.5991639408978119
Phytohabitans,0.07035737208975705,0.05637109216260248,-0.3192381327678227,0.25932400932400934,0.5991639408978119
Agrobacterium,0.26915792294386276,0.23879882020691567,-0.17258906773844424,0.25932400932400934,0.5991639408978119
Salaquimonas,0.011571510186458222,0.004299977657630025,-1.40742314152955,0.2750170644640483,0.6271532429065253
Protofrankia,0.018985803200738463,0.0050428150009112745,-1.8918697391200407,0.2750170644640483,0.6271532429065253
Acinetobacter,0.060971634444712756,0.37371019592603544,2.6137315588100716,0.2769105941629161,0.6271532429065253
Pelagibacterium,0.04055731413137148,0.034356933060304795,-0.23872061624477633,0.2769105941629161,0.6271532429065253
Frigoriglobus,0.05520016900433087,0.03288554401766206,-0.7454499906110835,0.2769105941629161,0.6271532429065253
Bacteroides,0.013700074714921438,0.027242708173835603,0.9864800646455046,0.2873549303224483,0.6431811526357925
Sinomonas,0.009585774914754432,0.01714275767358225,0.832051144369209,0.2873549303224483,0.6431811526357925
Egibacter,0.01431426541526895,0.007257120215088923,-0.970284245337589,0.2873549303224483,0.6431811526357925
Oricola,0.015000086657960668,0.01007137867232612,-0.5700415875356548,0.2958208836882972,0.6569975440054042
Acidiferrobacter,0.015271444015262014,0.008485676486304253,-0.8402489829491682,0.2958208836882972,0.6569975440054042
Actinoalloteichus,0.02235718484411533,0.016757032430548838,-0.41382650607694105,0.3013119210149324,0.6589462967693851
Prescottella,0.017085802943542634,0.033499806474216416,0.9672356655817163,0.3045497166874136,0.6589462967693851
Orrella,0.022357221658997405,0.033385508046106696,0.5763574041390872,0.3045497166874136,0.6589462967693851
Sulfurimicrobium,0.024414333972813798,0.0421140898598754,0.7840990440547698,0.3061529506899894,0.6589462967693851
Clavibacter,0.034871640544744585,0.05227117347538025,0.5825874559832391,0.3061529506899894,0.6589462967693851
Paludibacterium,0.023314346944909435,0.03597125440254635,0.6234567946553984,0.3061529506899894,0.6589462967693851
Geothrix,0.27212964578053245,0.4445277637290722,0.7077738521179224,0.31759906759906764,0.6589462967693851
Gemmatimonas,0.02761434587333365,0.043142629046360265,0.6418212811996452,0.31759906759906764,0.6589462967693851
Marinobacter,0.04610020220273944,0.07171397726257518,0.6363654994407255,0.31759906759906764,0.6589462967693851
Pandoraea,0.18811472512552616,0.22007051358838356,0.22624176555914358,0.31759906759906764,0.6589462967693851
Corynebacterium,0.2871151538186173,0.25999870790775453,-0.14307263707981047,0.31759906759906764,0.6589462967693851
Methylococcus,0.07115734304646268,0.14494214583648557,1.0253615782067491,0.31759906759906764,0.6589462967693851
Pseudomonas,1.6848904502029936,1.9125915338494033,0.18286380933798435,0.31759906759906764,0.6589462967693851
Devosia,0.29731505431887406,0.2662702777671027,-0.15904456240432238,0.31759906759906764,0.6589462967693851
Polynucleobacter,2.0612008334356955,0.13664188122788848,-3.9140279886123936,0.31759906759906764,0.6589462967693851
Paenacidovorax,0.05524304897558325,0.08812834465084171,0.6728400896910361,0.31759906759906764,0.6589462967693851
Polaromonas,0.20177234245711556,0.244513796179769,0.2770625063216612,0.31759906759906764,0.6589462967693851
Streptomyces,4.072485365775013,3.2849545323219007,-0.3100276198423719,0.31759906759906764,0.6589462967693851
Salinisphaera,0.012457132943813313,0.006642822043387154,-0.8970826767022221,0.3185482097820588,0.6589462967693851
Terricaulis,0.035685751445468046,0.019885636759128567,-0.8404217353755413,0.3373725439387588,0.6802071074831456
Catellatospora,0.03580010670226208,0.028471245959878242,-0.32942418007843177,0.3373725439387588,0.6802071074831456
Labrys,0.0398287073596278,0.031428374317668595,-0.3407755843851321,0.3373725439387588,0.6802071074831456
Solidesulfovibrio,0.006957174285999431,0.01229993687256466,0.8131702311912302,0.3395100047821634,0.6802071074831456
Lichenicola,0.005814333686132976,0.009785633886868471,0.7411178349799612,0.3395100047821634,0.6802071074831456
Pengzhenrongella,0.017400088857875265,0.009971383615891859,-0.7971003517326315,0.3395100047821634,0.6802071074831456
Chitinolyticbacter,0.0065000291001449,0.013485630787306056,1.0415372615577072,0.3395100047821634,0.6802071074831456
Anatilimnocola,0.014385686729354807,0.008385658072683202,-0.7715296288085445,0.3395100047821634,0.6802071074831456
Humisphaera,0.007271457671559586,0.011885672272517177,0.7012889926634542,0.3395100047821634,0.6802071074831456
Pseudogulbenkiania,0.011342888257289945,0.020171279574016546,0.8249859147857412,0.3518797721063329,0.6964535464535466
Egicoccus,0.008114361743619836,0.014685637601359328,0.8479760710130355,0.36031885739749336,0.6964535464535466
Komagataeibacter,0.03524306550188126,0.023471260545423492,-0.5843982651405207,0.36577215340278635,0.6964535464535466
Terrihabitans,0.027814344601769063,0.01959985714504912,-0.502821515705511,0.36898040905566154,0.6964535464535466
Hartmannibacter,0.03074303673016437,0.025942677617280977,-0.24406702747890788,0.36898040905566154,0.6964535464535466
Leptospira,0.03984291908865879,0.02731414045958888,-0.5430195307425523,0.36898040905566154,0.6964535464535466
Tistrella,0.0261286241446232,0.01804280707251435,-0.5317444429129294,0.36898040905566154,0.6964535464535466
Acetobacter,0.03148579384509798,0.022256989774496225,-0.49854988028973524,0.36898040905566154,0.6964535464535466
Methylovirgula,0.07490023156227626,0.05934245297664516,-0.3354013979680534,0.3828671328671329,0.6964535464535466
Erythrobacter,0.17332911740893792,0.20575597669329576,0.2472891993234152,0.3828671328671329,0.6964535464535466
Sulfuricaulis,0.024314307916107482,0.03192844200219298,0.391626739280462,0.3828671328671329,0.6964535464535466
Leisingera,0.047357268560627365,0.07549958710792706,0.6717492875895094,0.3828671328671329,0.6964535464535466
Propioniciclava,0.034500066460086576,0.06304234605008892,0.8678330558897199,0.3828671328671329,0.6964535464535466
Desulfuromonas,0.047757228760153245,0.061456874232589,0.36318311757815736,0.3828671328671329,0.6964535464535466
Aeromicrobium,0.1282718020789659,0.1439135345989051,0.16587606715117412,0.3828671328671329,0.6964535464535466
Enhydrobacter,0.24358640170067258,0.17981332645834164,-0.4377236941828432,0.3828671328671329,0.6964535464535466
Roseovarius,0.08992872316211994,0.11114223378358372,0.30524735611286463,0.3828671328671329,0.6964535464535466
Sphingomonas,0.9775601773015211,0.9940519231353575,0.024133247513587332,0.3828671328671329,0.6964535464535466
Croceicoccus,0.08034316170521626,0.089970990651733,0.16309274324943815,0.3828671328671329,0.6964535464535466
Kribbella,0.07294307640451356,0.0617568169202299,-0.2398149336314676,0.3828671328671329,0.6964535464535466
Leifsonia,0.05515731504677076,0.053856844262262886,-0.034359490476831595,0.3828671328671329,0.6964535464535466
Martelella,0.06934306424789709,0.06834246782042906,-0.02093882979854226,0.3828671328671329,0.6964535464535466
Pantoea,0.07290024020537253,0.0583853834912362,-0.31982509584793256,0.3828671328671329,0.6964535464535466
Vibrio,0.05775725226058278,0.11085663627888843,0.9394262432546241,0.3828671328671329,0.6964535464535466
Paludibaculum,0.07118591297593974,0.07781386730631903,0.1282631161163585,0.3828671328671329,0.6964535464535466
Sphingosinicella,0.05485723746134129,0.05065689371888096,-0.1147057058398102,0.3828671328671329,0.6964535464535466
Thermaerobacter,0.02717141801670618,0.030028426716479407,0.1437356212493488,0.3828671328671329,0.6964535464535466
Agromyces,0.1329003535081453,0.14135645714149833,0.08892795339815715,0.3828671328671329,0.6964535464535466
Halomonas,0.2350719610999068,0.2699130780923772,0.19931322404782392,0.3828671328671329,0.6964535464535466
Lichenicoccus,0.014928642200546918,0.009099902429755268,-0.7080242055738408,0.3873391133012488,0.702358582030429
Neorhizobium,0.06357163261932183,0.05299963406316319,-0.2619488384676536,0.40571736095445154,0.7310567541726438
Pleomorphomonas,0.04275726423126098,0.03507119503246772,-0.28514540425046325,0.40571736095445154,0.7310567541726438
Acidothermus,0.010785770686184347,0.005314226086493875,-1.0076165126739753,0.41296548875983596,0.7394663283105813
Pyruvatibacter,0.010542928400728352,0.005085689229137168,-1.037287507597478,0.41296548875983596,0.7394663283105813
Schaalia,0.010128608371723946,0.015742791858364417,0.6312167172361782,0.4248956911184719,0.7537623251110973
Pseudothauera,0.008871469057470919,0.013414235386550552,0.5910637412402715,0.4248956911184719,0.7537623251110973
Demequina,0.009328611028882746,0.018371284030940172,0.9701669969556623,0.4248956911184719,0.7537623251110973
Gloeobacter,0.023043097202737544,0.01774277968683436,-0.3752415638684987,0.43299433788172803,0.7546889526658314
Nisaea,0.014214305929928015,0.008457056872437085,-0.7422711345803991,0.43299433788172803,0.7546889526658314
Actinopolymorpha,0.022571563958399144,0.016442739330778992,-0.45468576453652426,0.43821080248252353,0.7546889526658314
Pseudooceanicola,0.020285711444078897,0.034514081375921705,0.7638007543972912,0.43821080248252353,0.7546889526658314
Nibricoccus,0.03214291521623224,0.023757128544137366,-0.43456177984021993,0.4412736981699784,0.7546889526658314
Chryseobacterium,0.027285879529995827,0.06855655786615875,1.3259653138358207,0.4412736981699784,0.7546889526658314
Isoptericola,0.028571585387136084,0.03834265093244646,0.4230861448665317,0.4412736981699784,0.7546889526658314
Caenibius,0.02937159705844295,0.03637117753257766,0.3074315383708002,0.4412736981699784,0.7546889526658314
Thiodictyon,0.018742956743715667,0.026757019116078216,0.5112738243781495,0.4427868227659776,0.7546889526658314
Desulfovibrio,0.01967146212992893,0.02689987525912864,0.44953317744127547,0.45571095571095577,0.7546889526658314
Luteitalea,0.16527161019743186,0.205413402671652,0.3135208988295056,0.45571095571095577,0.7546889526658314
Kaistia,0.04330011803177689,0.045971192861065394,0.08616598598351326,0.45571095571095577,0.7546889526658314
Caballeronia,0.17057173561122627,0.18224189157261786,0.09542188882384968,0.45571095571095577,0.7546889526658314
Usitatibacter,0.24142896974401815,0.3619840155429156,0.5841282485998139,0.45571095571095577,0.7546889526658314
Pigmentiphaga,0.05897155034637157,0.0646425436916946,0.13225057287463607,0.45571095571095577,0.7546889526658314
Micromonospora,0.697745174786188,0.5797400553510723,-0.2672519947461329,0.45571095571095577,0.7546889526658314
Nocardia,0.30418683216088166,0.2506130170076281,-0.2793950006255591,0.45571095571095577,0.7546889526658314
Myxococcus,0.0821571520064012,0.09488534850633215,0.20756387264074302,0.45571095571095577,0.7546889526658314
Kutzneria,0.1395005061089718,0.10158514823752364,-0.457195192119277,0.45571095571095577,0.7546889526658314
Mesoterricola,0.03634301994574002,0.047257007217878476,0.37793539425210076,0.45571095571095577,0.7546889526658314
Paraconexibacter,0.07477167416104692,0.06614255001982604,-0.17666180332396922,0.45571095571095577,0.7546889526658314
Casimicrobium,0.044828820118692936,0.046014102332504976,0.03756683873105713,0.45571095571095577,0.7546889526658314
Opitutus,0.2518718683458119,0.17417094488335114,-0.5319306136759442,0.45571095571095577,0.7546889526658314
Peterkaempfera,0.018157241429389924,0.008671361744013902,-1.0575960564090934,0.46449811058418833,0.7670242575352735
Paraoerskovia,0.014814348814753646,0.021642725502122904,0.5438318083541719,0.4773218662995383,0.7797343214617869
Koribacter,0.0577858801476089,0.04055680021841816,-0.5097148044584909,0.4773218662995383,0.7797343214617869
Shewanella,0.045700133688968414,0.07767103077712549,0.7638810508851377,0.4817206802748212,0.7797343214617869
Frateuria,0.029557192230773258,0.024099888502147334,-0.29338161785804423,0.4817206802748212,0.7797343214617869
Streptomonospora,0.05368591537514986,0.028756973088338425,-0.8983084532466007,0.4817206802748212,0.7797343214617869
Desulfosarcina,0.03671440937257618,0.024799882687647493,-0.5641316107454387,0.4817206802748212,0.7797343214617869
Stella,0.04708580926070532,0.03802835846070388,-0.3074886262078823,0.4817206802748212,0.7797343214617869
Ectothiorhodospira,0.010728589772659088,0.006899980357599927,-0.6294225914472404,0.49508816926050114,0.7924176563862211
Natronosporangium,0.012614354529147762,0.00685710192975206,-0.8698998592928191,0.49508816926050114,0.7924176563862211
Methanosarcina,0.02507152514382286,0.013757094030009189,-0.8611678903615586,0.49508816926050114,0.7924176563862211
Ereboglobus,0.016957147715518168,0.011757120843503756,-0.5246226844220481,0.49508816926050114,0.7924176563862211
Nitrotoga,0.007500033400296975,0.012271392029212626,0.7029301775385864,0.5060736396445569,0.7941320337693396
Methylomagnum,0.011657223743643036,0.028528446372879303,1.2839019453774148,0.5134995078592531,0.7941320337693396
Halorubrum,0.018928669429459637,0.013057043587527222,-0.5323393361867271,0.5134995078592531,0.7941320337693396
Parvibaculum,0.026671587144285327,0.02039984045946889,-0.3850899892271883,0.5182695943797822,0.7941320337693396
Rhodovulum,0.023985839815383513,0.036214036062014496,0.5923420568327471,0.5182695943797822,0.7941320337693396
Paroceanicella,0.019342874873261726,0.021885589916991084,0.17731668814074011,0.5182695943797822,0.7941320337693396
Azotobacter,0.024928581415783694,0.032514114117420195,0.3819199183230728,0.5210657381912371,0.7941320337693396
Blastomonas,0.02942866155937576,0.035556914789853886,0.27206591419195514,0.5210657381912371,0.7941320337693396
Sideroxyarcus,0.06642869786011835,0.04739971147487569,-0.4860580465173491,0.5210657381912371,0.7941320337693396
Edaphobacter,0.04318586843176887,0.032856925731566344,-0.39331443197054405,0.5210657381912371,0.7941320337693396
Luteolibacter,0.030600052516638117,0.028571278916683093,-0.09863486437340124,0.534965034965035,0.7941320337693396
Paracoccus,0.3488580651912416,0.5639533800233932,0.692778024611245,0.534965034965035,0.7941320337693396
Neisseria,0.05554301776043075,0.06877116760444146,0.3076994703409794,0.534965034965035,0.7941320337693396
Gemmatirosa,0.044828619159957776,0.052656890775304215,0.2317248193060526,0.534965034965035,0.7941320337693396
Geomonas,0.08895741519264355,0.10199963230737775,0.19717002598998704,0.534965034965035,0.7941320337693396
Steroidobacter,0.0693286550339892,0.06299972376185439,-0.13789753455611337,0.534965034965035,0.7941320337693396
Thioalkalivibrio,0.0756572721617977,0.09322818382038564,0.30092843707451644,0.534965034965035,0.7941320337693396
Polyangium,0.07264298033491336,0.061899719505220586,-0.23054634673659422,0.534965034965035,0.7941320337693396
Jannaschia,0.03558577514553991,0.04751403653306751,0.4160378299578951,0.534965034965035,0.7941320337693396
Sideroxydans,0.11212892197617406,0.07139961294766799,-0.6504371766536851,0.534965034965035,0.7941320337693396
Burkholderia,1.1157320415058358,1.2609930915320038,0.17655489206090283,0.534965034965035,0.7941320337693396
Geotalea,0.05525731989059911,0.06381405853311409,0.2073592042246149,0.534965034965035,0.7941320337693396
Fontisphaera,0.06684293047597567,0.05401403993269632,-0.30692875639558176,0.534965034965035,0.7941320337693396
Paenibacillus,0.1534004466946292,0.1327279444245221,-0.20868416023754807,0.534965034965035,0.7941320337693396
Planctomyces,0.06760005200397488,0.05695688388955644,-0.2467559844328941,0.534965034965035,0.7941320337693396
Microbulbifer,0.059857262346317344,0.05807118510422881,-0.04362981515008271,0.534965034965035,0.7941320337693396
Ilumatobacter,0.0867574425907146,0.09722817802250673,0.16420807309419244,0.534965034965035,0.7941320337693396
Acuticoccus,0.05465729051821244,0.051971122547720024,-0.0725675527718912,0.534965034965035,0.7941320337693396
Allokutzneria,0.015757262429774356,0.010342806800925594,-0.6026341988775729,0.5495280846059147,0.8136423578273622
Sulfuriferula,0.021914439972901902,0.029957002702491162,0.44925100633681714,0.5609617572539256,0.8263009946182504
Micrococcus,0.031200140829604466,0.042356891933537165,0.4398296139582162,0.5609617572539256,0.8263009946182504
Bremerella,0.010200070857769063,0.007414266214790356,-0.45495012856739486,0.5852097614029537,0.8532447666256806
Sulfurivermis,0.011257188371843946,0.017757040487516387,0.6528872771078805,0.5852097614029537,0.8532447666256806
Methylomarinovum,0.007242893543154974,0.014171367572326713,0.9587030004354545,0.5852097614029537,0.8532447666256806
Photobacterium,0.006814347543465836,0.01309993847236558,0.9328661785951381,0.5852097614029537,0.8532447666256806
Methanothrix,0.014685741285984285,0.021828449787093765,0.5685972504658341,0.5947460469085588,0.8581804668761192
Minwuia,0.011642938514967692,0.018656938046007543,0.6756308670740564,0.5947460469085588,0.8581804668761192
Frondihabitans,0.014328637043368734,0.019285632973471925,0.42605281573957,0.6011700417839179,0.8581804668761192
Sphingorhabdus,0.02187154162947444,0.015314198915967817,-0.5113761859917512,0.6011700417839179,0.8581804668761192
Aurantiacibacter,0.025028696315222237,0.032271252603598026,0.36537736594040693,0.6011700417839179,0.8581804668761192
Occallatibacter,0.03910013474562367,0.024414080574024964,-0.6772479605681523,0.6011700417839179,0.8581804668761192
Wenzhouxiangella,0.016514292886844736,0.013599896630192952,-0.2782598848047304,0.6052873620396894,0.8581804668761192
Defluviicoccus,0.020757254943896065,0.01569986623076,-0.4006369510832841,0.6052873620396894,0.8581804668761192
Thermobispora,0.053928846318795506,0.036085478203740924,-0.5783190388873556,0.6076975811301096,0.8581804668761192
Lentzea,0.0332287665446577,0.03278552131802701,-0.019315385334092425,0.6076975811301096,0.8581804668761192
Vogesella,0.0209857560303284,0.026671290888232033,0.3444179557365414,0.6076975811301096,0.8581804668761192
Herbaspirillum,0.202772121528294,0.21067060951689623,0.05510308220258238,0.6200466200466201,0.8581804668761192
Methylocystis,1.3744754209035452,1.0727646832228797,-0.3575179422030294,0.6200466200466201,0.8581804668761192
Cellulomonas,0.3157293940634628,0.34566992805922026,0.13066695361089847,0.6200466200466201,0.8581804668761192
Synechococcus,0.06981438613299759,0.0606426057476563,-0.2028805475710207,0.6200466200466201,0.8581804668761192
Saccharomonospora,0.06584308758949485,0.047571208147691245,-0.4681032499226348,0.6200466200466201,0.8581804668761192
Magnetospirillum,0.08138593520435587,0.07309965020529947,-0.15471431153791154,0.6200466200466201,0.8581804668761192
Cellulosimicrobium,0.05465723548916211,0.0812851914366072,0.5717166990955731,0.6200466200466201,0.8581804668761192
Lacunisphaera,0.11030009803720892,0.07209987350505918,-0.61267323864461,0.6200466200466201,0.8581804668761192
Dyella,0.07497157874787813,0.07424248752025683,-0.014079861066364616,0.6200466200466201,0.8581804668761192
Raineyella,0.0293286508449355,0.035414110374263716,0.2711709428631995,0.6200466200466201,0.8581804668761192
Actinokineospora,0.015557264529728968,0.010942756958778109,-0.5037317788780511,0.6415915735304425,0.8774032735869775
Kibdelosporangium,0.01711438177221215,0.011442782201446528,-0.5766233654210866,0.6415915735304425,0.8774032735869775
Indioceanicola,0.010814367543605836,0.007399965186283581,-0.5412727287358127,0.6415915735304425,0.8774032735869775
Pseudosulfitobacter,0.01467153482952378,0.02502843773146936,0.7665012432745276,0.6415915735304425,0.8774032735869775
Paramagnetospirillum,0.021200103929499337,0.01697132968773892,-0.3192850353866491,0.6415915735304425,0.8774032735869775
Dokdonella,0.027271522344627746,0.0237284109023737,-0.19999293393913967,0.6543654987424038,0.8906209757230341
Verminephrobacter,0.04224300408869709,0.05094271764781775,0.26958151683981046,0.6543654987424038,0.8906209757230341
Thioflavicoccus,0.008071478657519946,0.010228525100887552,0.33796518625442135,0.6822879008848448,0.8965720402945074
Methylogaea,0.007571466743188459,0.022599899886827767,1.565111590077596,0.6822879008848448,0.8965720402945074
Parasphingopyxis,0.006828604914548917,0.00925706487281637,0.43349116301890955,0.6822879008848448,0.8965720402945074
Friedmanniella,0.010471486843276702,0.013199918230161154,0.3312390747656713,0.6822879008848448,0.8965720402945074
Alcaligenes,0.010942952515195208,0.01617134594432016,0.5592076418151608,0.6822879008848448,0.8965720402945074
Pelagerythrobacter,0.01790000800150354,0.025814083703854435,0.5257388344940662,0.6822879008848448,0.8965720402945074
Pseudorhizobium,0.013557239329440963,0.015257016773255095,0.16923210078128714,0.6950293942632295,0.8965720402945074
Kineococcus,0.014700109843872057,0.01899995807339477,0.3679615880542725,0.6950293942632295,0.8965720402945074
Halobaculum,0.015042958115149378,0.017242743716242695,0.19568510135674358,0.6950293942632295,0.8965720402945074
Pseudoroseomonas,0.02358576790201304,0.02061409713154572,-0.1934075067016838,0.6983053755577842,0.8965720402945074
Thalassobaculum,0.01982867501518156,0.01701416321638005,-0.21965503921427418,0.6983053755577842,0.8965720402945074
Brevibacillus,0.021471514916191006,0.020457038473199997,-0.0694950578469611,0.7002210569408949,0.8965720402945074
Bacillus,0.050986002502714386,0.09449975354582063,0.8889083762456153,0.7002210569408949,0.8965720402945074
Gimesia,0.015214379415132425,0.018299905273059455,0.26481143321106654,0.7002210569408949,0.8965720402945074
Spirosoma,0.021014330658780285,0.020157004059711946,-0.05980169292575215,0.7002210569408949,0.8965720402945074
Pimelobacter,0.035285768816292216,0.040699805417726005,0.20539300706358962,0.7011653274181554,0.8965720402945074
Sutterella,0.018257152443988726,0.023314159416419875,0.35103895959193276,0.7011653274181554,0.8965720402945074
Sulfurifustis,0.034000065288145975,0.040099823288524974,0.237414658137271,0.7103729603729605,0.8965720402945074
Rhizorhabdus,0.0614573061466741,0.059742504148591946,-0.040759551234367995,0.7103729603729605,0.8965720402945074
Catenulispora,0.036100132830995495,0.03451411438851138,-0.06463455418918095,0.7103729603729605,0.8965720402945074
Microlunatus,0.0688288511907003,0.0697853804349445,0.019882714084521372,0.7103729603729605,0.8965720402945074
Qipengyuania,0.1289862234641894,0.1449136242716598,0.16785341083980554,0.7103729603729605,0.8965720402945074
Aquihabitans,0.11444307605129196,0.14477069156958194,0.3388755037244927,0.7103729603729605,0.8965720402945074
Thiobacillus,0.06192873751839963,0.07454249954817944,0.2670605366395445,0.7103729603729605,0.8965720402945074
Dermatobacter,0.1040860322789176,0.12034230513803225,0.20918034970947982,0.7103729603729605,0.8965720402945074
Haliangium,0.04147145757485622,0.04138551131768958,-0.00298576470843109,0.7103729603729605,0.8965720402945074
Pseudonocardia,0.3080011139762805,0.2551415778662397,-0.2715405409320232,0.7103729603729605,0.8965720402945074
Rubrobacter,0.05720016948872333,0.05928545529012266,0.05157022248314462,0.7103729603729605,0.8965720402945074
Thiohalobacter,0.034428674644896566,0.03982840191732294,0.2096203725443318,0.7103729603729605,0.8965720402945074
Acidithiobacillus,0.02542864774452655,0.03329984255942745,0.38772418207947323,0.7103729603729605,0.8965720402945074
Limnoglobus,0.03747150184559364,0.031999822617153985,-0.22707346090769073,0.7103729603729605,0.8965720402945074
Acidihalobacter,0.029314349916191834,0.033557009102199824,0.19438682691936648,0.7103729603729605,0.8965720402945074
Lysobacter,0.2645149128454929,0.2681274349073557,0.019562437333359568,0.7103729603729605,0.8965720402945074
Barrientosiimonas,0.016300065657610514,0.019785611445333078,0.2780233323175122,0.739525400424806,0.9313144053701403
Rhodovastum,0.04032871645961307,0.03467121504648141,-0.2174869197863111,0.7491276096399462,0.9392781626338931
Terriglobus,0.04541444171757887,0.03917113448994463,-0.21285510850514996,0.7491276096399462,0.9392781626338931
Acidisarcina,0.018542969944019442,0.016171269430389976,-0.1963048991467128,0.7849336301267955,0.9547372916938136
Guyparkeria,0.009714340229023661,0.011542770515760014,0.24647121246723924,0.7902503572470885,0.9547372916938136
Alloacidobacterium,0.032328701745755264,0.020642646216786752,-0.644671312054005,0.7902503572470885,0.9547372916938136
Youhaiella,0.012914376129373193,0.012885629987329885,-0.0031901479778745365,0.7938154122045518,0.9547372916938136
Aquitalea,0.020771540515379782,0.023657063358696204,0.1868194249130188,0.7938154122045518,0.9547372916938136
Alicyclobacillus,0.013700003957996754,0.011642768758577142,-0.23289606762509138,0.7960935641933136,0.9547372916938136
Allochromatium,0.022571548743868238,0.02967126168816906,0.39303741527107733,0.7974247416578414,0.9547372916938136
Undibacterium,0.021442901515564973,0.018214171173413327,-0.23425216113038663,0.7974247416578414,0.9547372916938136
Salinicola,0.01998573707316453,0.02329988494485115,0.22033003223147984,0.7974247416578414,0.9547372916938136
Sulfuritortus,0.032885786145801885,0.04331411866031357,0.3963198074477934,0.7974247416578414,0.9547372916938136
Solimonas,0.0208714647156578,0.024499899573149273,0.2302247984136345,0.7980806294582996,0.9547372916938136
Gordonia,0.19800061825496398,0.20468466994614318,0.04787433735939719,0.8047785547785549,0.9547372916938136
Verrucomicrobium,0.03392861965959451,0.032071290631010524,-0.08097481642406547,0.8047785547785549,0.9547372916938136
Stenotrophomonas,0.3149874002978947,0.2474561527630959,-0.3479962585758163,0.8047785547785549,0.9547372916938136
Kocuria,0.06272868637587516,0.06205681060620214,-0.015510938491758558,0.8047785547785549,0.9547372916938136
Homo,0.31404495593938375,0.1841845115053169,-0.7694955932854867,0.8047785547785549,0.9547372916938136
Ferrigenium,0.05487160528864177,0.04425687891755679,-0.3095287530366735,0.8047785547785549,0.9547372916938136
Actinomarinicola,0.12135751525066106,0.11711379142403867,-0.05130943243293849,0.8047785547785549,0.9547372916938136
Collimonas,0.06321445754708514,0.06894258954781189,0.12495160637706343,0.8047785547785549,0.9547372916938136
Mycobacteroides,0.053500242189061666,0.047514020361722586,-0.1708530692453987,0.8047785547785549,0.9547372916938136
Brevibacterium,0.07857175726201279,0.08581385840762229,0.12704505636845242,0.8047785547785549,0.9547372916938136
Roseomonas,0.16494330002434268,0.22398395983942226,0.44119480977862113,0.8047785547785549,0.9547372916938136
Actinomyces,0.10064318436335508,0.1068280207375586,0.08595772563120792,0.8047785547785549,0.9547372916938136
Brucella,0.1834143727970593,0.15657059002802381,-0.22815867434473777,0.8047785547785549,0.9547372916938136
Curtobacterium,0.15792899072326186,0.16945627251531734,0.10157490811941447,0.8047785547785549,0.9547372916938136
Paraburkholderia,0.6964299940459733,0.6694397690710457,-0.05701572889451204,0.8047785547785549,0.9547372916938136
Elioraea,0.017914316629811945,0.017485632715841554,-0.03474668158399032,0.8478409541795124,0.9934003496503497
Methyloversatilis,0.02897141835941589,0.029556955302780213,0.028769032226071134,0.8478409541795124,0.9934003496503497
Lacipirellula,0.0327000605023867,0.030128469873486795,-0.11779052257985992,0.8478409541795124,0.9934003496503497
Pannonibacter,0.033785806045024555,0.030014106674615522,-0.17024162692342282,0.8478409541795124,0.9934003496503497
Ferruginibacter,0.021300173430296818,0.02788554003217417,0.3870590989450578,0.8914673709626643,0.9934003496503497
Polymorphospora,0.014057230143647723,0.01041420682986893,-0.4291990100993517,0.8914673709626643,0.9934003496503497
Panacibacter,0.021971586587261657,0.016599872402631628,-0.40235325994175164,0.8914673709626643,0.9934003496503497
Mycolicibacillus,0.014528657972203837,0.013614141901709993,-0.09313306810996735,0.8914673709626643,0.9934003496503497
Spiractinospora,0.01338579754362355,0.010757053015573226,-0.31280828607310446,0.8941991044841573,0.9934003496503497
Beijerinckia,0.016071503786311676,0.01392846163033281,-0.2050970302858299,0.8960287167744861,0.9934003496503497
Roseivivax,0.02355729380145013,0.024328478916753955,0.0462789836485049,0.8971970110260015,0.9934003496503497
Singulisphaera,0.02380015543008887,0.019856983773632805,-0.26012630708905954,0.8971970110260015,0.9934003496503497
Simplicispira,0.03374299083181492,0.03879989321788005,0.20090912449369452,0.8971970110260015,0.9934003496503497
Croceibacterium,0.029800173972878072,0.02669979074641245,-0.15793214258700652,0.8971970110260015,0.9934003496503497
Immundisolibacter,0.0237714944875772,0.028471378517440582,0.2592817554495973,0.8971970110260015,0.9934003496503497
Gluconobacter,0.015885801315079807,0.013114226943993732,-0.2746990362401015,0.8971970110260015,0.9934003496503497
Rhodospirillum,0.031243043944565042,0.030756948060043227,-0.02254991928348482,0.8978793628060826,0.9934003496503497
Actinosynnema,0.02474302203019553,0.023928459059493663,-0.04809654924110004,0.8978793628060826,0.9934003496503497
Jiella,0.021528689115329725,0.02219985525956834,0.04408811793936816,0.8978793628060826,0.9934003496503497
Alistipes,0.038828625302803586,0.04779981427442801,0.29918866280171746,0.9015151515151516,0.9934003496503497
Georgenia,0.058771672075059435,0.06618541806237464,0.171117927225737,0.9015151515151516,0.9934003496503497
Sphingobium,0.4075870463655167,0.39988342333965743,-0.0275219070218414,0.9015151515151516,0.9934003496503497
Azospirillum,0.26904334481732445,0.24888437944934277,-0.11231951720368197,0.9015151515151516,0.9934003496503497
Nannocystis,0.03611432575979392,0.0369569885312551,0.03318512886847088,0.9015151515151516,0.9934003496503497
Rhodanobacter,0.06391442210448528,0.0662854266769075,0.052469594193582145,0.9015151515151516,0.9934003496503497
Jiangella,0.05740019198986714,0.05497116336260459,-0.06226968781006818,0.9015151515151516,0.9934003496503497
Breoghania,0.09021444064877482,0.08259953315011834,-0.12707749780485292,0.9015151515151516,0.9934003496503497
Geodermatophilus,0.05241448131735061,0.04588549154685833,-0.19153655142436074,0.9015151515151516,0.9934003496503497
Azorhizobium,0.04045733096031803,0.040571217389418796,0.004045461786176384,0.9015151515151516,0.9934003496503497
Sediminicoccus,0.04730013038898705,0.05305677017680942,0.16536242092626838,0.9015151515151516,0.9934003496503497
Kaustia,0.046928691274710416,0.04439976561818954,-0.07974344772930564,0.9015151515151516,0.9934003496503497
Enterobacter,0.16720070452434843,0.17362779959868527,0.054385109132732916,0.9015151515151516,0.9934003496503497
Deinococcus,0.10882881823578877,0.1464422265228774,0.4279307565555811,0.9015151515151516,0.9934003496503497
Luteimonas,0.10895741540672463,0.10244238466499635,-0.08886751629522861,0.9015151515151516,0.9934003496503497
Spiribacter,0.037171501931219986,0.03661412840276135,-0.02173760593000007,0.9015151515151516,0.9934003496503497
Sandaracinus,0.0756430021198953,0.07622823850544387,0.011104292908864395,0.9015151515151516,0.9934003496503497
Labilithrix,0.09154297863528958,0.09255677279244988,0.01587208386371066,0.9015151515151516,0.9934003496503497
Bartonella,0.009371498772082577,0.009671387786650353,0.044970740147417955,0.9469826387501228,1.0
Holophaga,0.009171495372152465,0.012942866858346285,0.49238706204033805,0.9469826387501228,1.0
Yinghuangia,0.023357246472168795,0.02892844984528702,0.30743385973027754,0.9484912846303624,1.0
Klebsiella,0.16057195074146033,0.14998513981090192,-0.09833695263187059,0.9490036864430583,1.0
Trinickia,0.024400070759066077,0.028857023673642825,0.2411274077881748,0.9490036864430583,1.0
Xylanimonas,0.03520003953120244,0.029842714231853144,-0.23746479511137655,0.9490036864430583,1.0
Duganella,0.032300086530652874,0.03325697098919558,0.041990623354783256,0.9490036864430583,1.0
Nitrosospira,0.020257217687269406,0.023314181944785295,0.20184223813875055,1.0,1.0
Erwinia,0.011414371100788336,0.013614188687204926,0.25223366157813404,1.0,1.0
Sphingosinithalassobacter,0.015857212686196148,0.014942746859308834,-0.08514063958569469,1.0,1.0
Glutamicibacter,0.015457227772149145,0.013614169816245822,-0.18191770981977684,1.0,1.0
Aquibium,0.06078590077528321,0.06714251364883672,0.14326547133766743,1.0,1.0
Urbifossiella,0.06225730267609055,0.060514013404452754,-0.04090715411867712,1.0,1.0
Roseococcus,0.014514387072293224,0.016357001716221835,0.17131219286108976,1.0,1.0
Selenomonas,0.011371406714901309,0.011342833186489295,-0.0035980167166496883,1.0,1.0
Pollutimonas,0.013000057771834432,0.012242781487574383,-0.0859056267905356,1.0,1.0
Pirellulimonas,0.015971509772166267,0.015642772573132555,-0.029815816813327137,1.0,1.0
Parasphingorhabdus,0.009442942372265778,0.010071343044351998,0.09200412247509805,1.0,1.0
Tautonia,0.05327146087530344,0.047128311803947553,-0.17641653442681676,1.0,1.0
Thiocapsa,0.028100028430725055,0.03301414210212282,0.23175086526585328,1.0,1.0
Blastococcus,0.03452879041632152,0.043042676174790746,0.31714367572785285,1.0,1.0
Polymorphum,0.02731443794423673,0.029685548488641224,0.11967663041934036,1.0,1.0
Granulicella,0.05995730829006079,0.05859967646145958,-0.03298726459228244,1.0,1.0
Skermanella,0.08494308663373892,0.08094251800578464,-0.06951496071651939,1.0,1.0
Iamia,0.17781460893850098,0.1663421159145503,-0.09616444412013962,1.0,1.0
Rathayibacter,0.06122877117529912,0.06424259987677462,0.06921018736278475,1.0,1.0
Aurantimonas,0.03135721628773994,0.02894268430274093,-0.11521620721281399,1.0,1.0
Nordella,0.108514562464114,0.1176993031407916,0.11711345971258427,1.0,1.0
Thalassospira,0.01447148845754526,0.013828486558624314,-0.06510974813839678,1.0,1.0
Marinobacterium,0.011842906200351718,0.014457086058182966,0.28556764885182073,1.0,1.0
Gemmata,0.07182867406293074,0.06755684884864742,-0.08833102517321165,1.0,1.0
Agrococcus,0.06584308550437033,0.076628297748315,0.21853735553129724,1.0,1.0
Miltoncostaea,0.11070027329157683,0.11042809803732682,-0.003548267085126194,1.0,1.0
Chondromyces,0.029942894545367485,0.03385701073090836,0.17668564360262795,1.0,1.0
Rugamonas,0.03607152407400688,0.03664270136043948,0.0226033120371617,1.0,1.0
Paradevosia,0.01394296277239358,0.013771304616411132,-0.017743864720275372,1.0,1.0
Citrobacter,0.04602874157546376,0.04689983070282574,0.026989624891634683,1.0,1.0
Aquisphaera,0.06321446998981614,0.054528308975570476,-0.21288648819199954,1.0,1.0
Mucilaginibacter,0.03181449078759535,0.031585519146879106,-0.01038797566586045,1.0,1.0
Tomitella,0.010171495514820321,0.009299932244087114,-0.12792398844064118,1.0,1.0
Pseudarthrobacter,0.04912871883212889,0.056128310733126775,0.1917965104471217,1.0,1.0
Modestobacter,0.05327165586079993,0.046199747647289166,-0.2050694415499155,1.0,1.0
Halopseudomonas,0.05195725474593132,0.05472830918971055,0.07482175128265156,1.0,1.0
Solwaraspora,0.04624308354597042,0.042014093604080587,-0.13805092430883148,1.0,1.0
Sorangium,0.23934327373100883,0.2253274975466888,-0.08702040343859829,1.0,1.0
Actinoplanes,0.3103153189332496,0.33472780084582376,0.1092195642431737,1.0,1.0
Umezawaea,0.021685859687080443,0.019399927487471096,-0.1599232850804369,1.0,1.0
Phenylobacterium,0.13211453912237733,0.12641353376939918,-0.06358910787650907,1.0,1.0
Hymenobacter,0.08850019681924723,0.08942820009209383,0.01503227846456783,1.0,1.0
Fusarium,0.013414352457730752,0.014499925773528525,0.11146864784332242,1.0,1.0
Ferriphaselus,0.011128638172109722,0.012271354886604904,0.1398205442107467,1.0,1.0
Nitrospira,0.24218586772995687,0.2479418531197482,0.03387331658928579,1.0,1.0
Mycolicibacterium,1.1123887168705804,1.4252639535370255,0.35753964119528914,1.0,1.0
